layer_name,role,layer_index,layer_index_normalized,n_in,n_out,n_params,weight_kurtosis,weight_max_abs,weight_mean_abs,weight_outlier_ratio,effective_rank,condition_proxy
model.language_model.layers.0.self_attn.q_proj,attn_qkv,0,0.0,2560,2048,5242880,0.45565128326416016,0.259765625,0.0215911865234375,12.031095406360423,1684.276611328125,2.538649434258551
model.language_model.layers.0.self_attn.k_proj,attn_qkv,0,0.0,2560,512,1310720,0.23217344284057617,0.181640625,0.02191162109375,8.289693593314762,490.3036804199219,3.1239201244866432
model.language_model.layers.0.self_attn.v_proj,attn_qkv,0,0.0,2560,512,1310720,0.33879566192626953,0.34765625,0.0218353271484375,15.921733053808525,482.3205261230469,1.6748972621711873
model.language_model.layers.0.self_attn.o_proj,attn_out,0,0.0,2048,2560,5242880,1.7968778610229492,0.353515625,0.0214385986328125,16.48967971530249,1671.34326171875,4.689327968116473
model.language_model.layers.0.mlp.gate_proj,mlp_up,0,0.0,2560,10240,26214400,0.7132463455200195,0.337890625,0.0201416015625,16.775757575757577,2415.599853515625,4.477615181787371
model.language_model.layers.0.mlp.up_proj,mlp_up,0,0.0,2560,10240,26214400,0.4220438003540039,0.30859375,0.02069091796875,14.914454277286136,2435.176025390625,2.153531256360773
model.language_model.layers.0.mlp.down_proj,mlp_down,0,0.0,10240,2560,26214400,1.4681029319763184,0.423828125,0.0162811279296875,26.03186504217432,2364.189208984375,3.57945365053425
model.language_model.layers.0.per_layer_input_gate,other,0,0.0,2560,256,655360,1.468595027923584,0.01422119140625,0.0010271072387695312,13.845868152274837,244.89292907714844,1.7815001748244677
model.language_model.layers.0.per_layer_projection,other,0,0.0,256,2560,655360,11.168103218078613,0.72265625,0.04510498046875,16.021650879566984,204.37855529785156,2.0606229491256713
model.language_model.layers.1.self_attn.q_proj,attn_qkv,1,0.024390243902439025,2560,2048,5242880,0.5033228397369385,0.306640625,0.0212249755859375,14.447160316319195,1672.029541015625,3.2072057625343384
model.language_model.layers.1.self_attn.k_proj,attn_qkv,1,0.024390243902439025,2560,512,1310720,0.7383365631103516,0.26171875,0.020782470703125,12.593245227606461,486.4043884277344,3.0966364212032085
model.language_model.layers.1.self_attn.v_proj,attn_qkv,1,0.024390243902439025,2560,512,1310720,0.38074564933776855,0.2373046875,0.0221405029296875,10.718125430737423,493.157958984375,1.8627565252096805
model.language_model.layers.1.self_attn.o_proj,attn_out,1,0.024390243902439025,2048,2560,5242880,7.4902143478393555,0.640625,0.0201416015625,31.806060606060605,1727.5584716796875,5.423308955622884
model.language_model.layers.1.mlp.gate_proj,mlp_up,1,0.024390243902439025,2560,10240,26214400,0.8472304344177246,0.3125,0.020111083984375,15.538694992412747,2391.45068359375,4.539231703818021
model.language_model.layers.1.mlp.up_proj,mlp_up,1,0.024390243902439025,2560,10240,26214400,0.5801899433135986,0.341796875,0.0208892822265625,16.362308254200148,2405.907958984375,2.2729715857160095
model.language_model.layers.1.mlp.down_proj,mlp_down,1,0.024390243902439025,10240,2560,26214400,2.4925899505615234,0.490234375,0.0164337158203125,29.831012070566388,2361.5751953125,3.8991588018199144
model.language_model.layers.1.per_layer_input_gate,other,1,0.024390243902439025,2560,256,655360,1.4855618476867676,0.03662109375,0.0029430389404296875,12.443292287751134,248.17909240722656,1.5510695090465778
model.language_model.layers.1.per_layer_projection,other,1,0.024390243902439025,256,2560,655360,20.479047775268555,0.71875,0.03857421875,18.632911392405063,171.80349731445312,2.7586730435154005
model.language_model.layers.2.self_attn.q_proj,attn_qkv,2,0.04878048780487805,2560,2048,5242880,1.2734999656677246,0.296875,0.0191497802734375,15.502788844621515,1623.6402587890625,3.784491110268169
model.language_model.layers.2.self_attn.k_proj,attn_qkv,2,0.04878048780487805,2560,512,1310720,5.256406784057617,0.26953125,0.018218994140625,14.793969849246231,467.1172180175781,2.580448615197936
model.language_model.layers.2.self_attn.v_proj,attn_qkv,2,0.04878048780487805,2560,512,1310720,0.47291064262390137,0.1669921875,0.020111083984375,8.303490136570561,487.5017395019531,1.3193251890924653
model.language_model.layers.2.self_attn.o_proj,attn_out,2,0.04878048780487805,2048,2560,5242880,1.0709748268127441,0.400390625,0.022918701171875,17.470039946737682,1636.6002197265625,4.713480036041407
model.language_model.layers.2.mlp.gate_proj,mlp_up,2,0.04878048780487805,2560,10240,26214400,1.0316882133483887,0.328125,0.0214385986328125,15.305338078291815,2383.419189453125,5.329247335834502
model.language_model.layers.2.mlp.up_proj,mlp_up,2,0.04878048780487805,2560,10240,26214400,0.6866307258605957,0.333984375,0.0216522216796875,15.424947145877379,2402.5078125,2.6642552304925653
model.language_model.layers.2.mlp.down_proj,mlp_down,2,0.04878048780487805,10240,2560,26214400,2.6205668449401855,0.466796875,0.015869140625,29.415384615384614,2363.977294921875,4.588119386377092
model.language_model.layers.2.per_layer_input_gate,other,2,0.04878048780487805,2560,256,655360,2.4543075561523438,0.2080078125,0.0150299072265625,13.83959390862944,245.57901000976562,1.5749203546974173
model.language_model.layers.2.per_layer_projection,other,2,0.04878048780487805,256,2560,655360,28.496007919311523,0.7890625,0.03338623046875,23.63436928702011,190.29022216796875,1.6109686991637895
model.language_model.layers.3.self_attn.q_proj,attn_qkv,3,0.07317073170731707,2560,2048,5242880,0.3005516529083252,0.212890625,0.0213623046875,9.965714285714286,1645.8253173828125,3.2335403830590272
model.language_model.layers.3.self_attn.k_proj,attn_qkv,3,0.07317073170731707,2560,512,1310720,0.6250674724578857,0.26953125,0.021087646484375,12.781476121562953,473.06378173828125,3.4297626361869695
model.language_model.layers.3.self_attn.v_proj,attn_qkv,3,0.07317073170731707,2560,512,1310720,0.8027453422546387,0.1845703125,0.0215301513671875,8.57264351523742,497.4092102050781,1.4382246592202805
model.language_model.layers.3.self_attn.o_proj,attn_out,3,0.07317073170731707,2048,2560,5242880,1.8603534698486328,0.4765625,0.0214691162109375,22.197583511016347,1701.6082763671875,4.1417772232325545
model.language_model.layers.3.mlp.gate_proj,mlp_up,3,0.07317073170731707,2560,10240,26214400,0.5914404392242432,0.314453125,0.02032470703125,15.471471471471471,2393.638916015625,4.545955194118047
model.language_model.layers.3.mlp.up_proj,mlp_up,3,0.07317073170731707,2560,10240,26214400,0.45125842094421387,0.3359375,0.020538330078125,16.356612184249627,2413.50537109375,2.143869067948239
model.language_model.layers.3.mlp.down_proj,mlp_down,3,0.07317073170731707,10240,2560,26214400,2.900303840637207,0.40625,0.015777587890625,25.748549323017407,2397.111083984375,6.146386616545066
model.language_model.layers.3.per_layer_input_gate,other,3,0.07317073170731707,2560,256,655360,1.887885570526123,0.15234375,0.0130157470703125,11.704572098475968,248.2559051513672,1.684743648181694
model.language_model.layers.3.per_layer_projection,other,3,0.07317073170731707,256,2560,655360,21.478811264038086,0.76171875,0.031219482421875,24.39882697947214,176.0294647216797,2.477578256070317
model.language_model.layers.4.self_attn.q_proj,attn_qkv,4,0.0975609756097561,2560,2048,5242880,0.9923064708709717,0.345703125,0.019989013671875,17.294656488549617,1604.002197265625,3.3689746398960483
model.language_model.layers.4.self_attn.k_proj,attn_qkv,4,0.0975609756097561,2560,512,1310720,2.042003631591797,0.287109375,0.01983642578125,14.473846153846154,466.22955322265625,2.6609683080554554
model.language_model.layers.4.self_attn.v_proj,attn_qkv,4,0.0975609756097561,2560,512,1310720,0.3465287685394287,0.181640625,0.0208892822265625,8.695398100803507,490.76470947265625,1.4404587665489743
model.language_model.layers.4.self_attn.o_proj,attn_out,4,0.0975609756097561,2048,2560,5242880,1.8222846984863281,0.4453125,0.0206756591796875,21.5380073800738,1621.7655029296875,3.9252406094721155
model.language_model.layers.4.mlp.gate_proj,mlp_up,4,0.0975609756097561,2560,10240,26214400,0.8762087821960449,0.341796875,0.0212860107421875,16.057347670250895,2402.324462890625,4.898136900586962
model.language_model.layers.4.mlp.up_proj,mlp_up,4,0.0975609756097561,2560,10240,26214400,0.7258985042572021,0.328125,0.021392822265625,15.338088445078458,2430.95654296875,2.2599337663385772
model.language_model.layers.4.mlp.down_proj,mlp_down,4,0.0975609756097561,10240,2560,26214400,2.1775407791137695,0.5390625,0.01555633544921875,34.65228052967141,2402.132080078125,6.138170811453639
model.language_model.layers.4.per_layer_input_gate,other,4,0.0975609756097561,2560,256,655360,4.527191638946533,0.177734375,0.012054443359375,14.744303797468355,243.25914001464844,1.8782259887667
model.language_model.layers.4.per_layer_projection,other,4,0.0975609756097561,256,2560,655360,12.148889541625977,0.77734375,0.042633056640625,18.233357193987114,175.03712463378906,3.959674271958677
model.language_model.layers.5.self_attn.q_proj,attn_qkv,5,0.12195121951219512,2560,4096,10485760,0.8431344032287598,0.2734375,0.02044677734375,13.373134328358208,2106.59716796875,2.7262599862969537
model.language_model.layers.5.self_attn.k_proj,attn_qkv,5,0.12195121951219512,2560,1024,2621440,3.8573856353759766,0.279296875,0.0191497802734375,14.584860557768923,893.1350708007812,2.015373891233587
model.language_model.layers.5.self_attn.v_proj,attn_qkv,5,0.12195121951219512,2560,1024,2621440,0.2658541202545166,0.166015625,0.021270751953125,7.804878048780488,926.545654296875,1.6294299061601611
model.language_model.layers.5.self_attn.o_proj,attn_out,5,0.12195121951219512,4096,2560,10485760,3.189450263977051,0.578125,0.0185546875,31.157894736842106,2062.08740234375,4.670576930478485
model.language_model.layers.5.mlp.gate_proj,mlp_up,5,0.12195121951219512,2560,10240,26214400,1.127237319946289,0.357421875,0.0207977294921875,17.18561995597946,2374.34912109375,4.283616345629742
model.language_model.layers.5.mlp.up_proj,mlp_up,5,0.12195121951219512,2560,10240,26214400,0.8014214038848877,0.3515625,0.021575927734375,16.294200848656295,2400.130615234375,2.3270588419635683
model.language_model.layers.5.mlp.down_proj,mlp_down,5,0.12195121951219512,10240,2560,26214400,4.488720417022705,0.5390625,0.0160064697265625,33.67778836987607,2417.409912109375,5.370544219391861
model.language_model.layers.5.per_layer_input_gate,other,5,0.12195121951219512,2560,256,655360,3.4938201904296875,0.1572265625,0.01141357421875,13.775401069518717,239.7720489501953,2.269171656148643
model.language_model.layers.5.per_layer_projection,other,5,0.12195121951219512,256,2560,655360,32.920257568359375,0.7421875,0.023468017578125,31.625487646293887,200.7513885498047,1.329879930725827
model.language_model.layers.6.self_attn.q_proj,attn_qkv,6,0.14634146341463414,2560,2048,5242880,0.8696284294128418,0.283203125,0.0204315185546875,13.861090365944735,1608.307861328125,3.138541024536094
model.language_model.layers.6.self_attn.k_proj,attn_qkv,6,0.14634146341463414,2560,512,1310720,1.7102723121643066,0.283203125,0.0201873779296875,14.028722600151172,463.9794006347656,2.520009513624854
model.language_model.layers.6.self_attn.v_proj,attn_qkv,6,0.14634146341463414,2560,512,1310720,0.948204517364502,0.25,0.021087646484375,11.855282199710564,497.8550720214844,1.6763033942061323
model.language_model.layers.6.self_attn.o_proj,attn_out,6,0.14634146341463414,2048,2560,5242880,9.580296516418457,0.7578125,0.021636962890625,35.023977433004234,1597.9490966796875,6.432290400982614
model.language_model.layers.6.mlp.gate_proj,mlp_up,6,0.14634146341463414,2560,10240,26214400,1.301464557647705,0.32421875,0.021392822265625,15.155492154065621,2355.74365234375,5.244333303720824
model.language_model.layers.6.mlp.up_proj,mlp_up,6,0.14634146341463414,2560,10240,26214400,0.8473150730133057,0.37109375,0.0219268798828125,16.924147529575503,2420.9873046875,2.3949594610423053
model.language_model.layers.6.mlp.down_proj,mlp_down,6,0.14634146341463414,10240,2560,26214400,2.642155647277832,0.4296875,0.016082763671875,26.717267552182165,2405.857666015625,5.367562189176786
model.language_model.layers.6.per_layer_input_gate,other,6,0.14634146341463414,2560,256,655360,3.286339282989502,0.1396484375,0.01047515869140625,13.331391114348143,243.5713653564453,1.9027547596761516
model.language_model.layers.6.per_layer_projection,other,6,0.14634146341463414,256,2560,655360,23.158987045288086,0.7265625,0.033050537109375,21.98337950138504,194.9488067626953,1.6923540539101585
model.language_model.layers.7.self_attn.q_proj,attn_qkv,7,0.17073170731707318,2560,2048,5242880,0.8997929096221924,0.375,0.0212249755859375,17.667864845434938,1624.7012939453125,3.372230536602094
model.language_model.layers.7.self_attn.k_proj,attn_qkv,7,0.17073170731707318,2560,512,1310720,1.134605884552002,0.228515625,0.0211181640625,10.820809248554914,467.4391784667969,2.9128067037714764
model.language_model.layers.7.self_attn.v_proj,attn_qkv,7,0.17073170731707318,2560,512,1310720,0.40836548805236816,0.19140625,0.0218658447265625,8.753663642707606,491.46258544921875,1.6307840761556727
model.language_model.layers.7.self_attn.o_proj,attn_out,7,0.17073170731707318,2048,2560,5242880,2.765303611755371,0.404296875,0.0227813720703125,17.746818486269255,1618.97314453125,3.7482806210848825
model.language_model.layers.7.mlp.gate_proj,mlp_up,7,0.17073170731707318,2560,10240,26214400,0.8050937652587891,0.373046875,0.0216522216796875,17.229034531360114,2400.49462890625,5.104240300946908
model.language_model.layers.7.mlp.up_proj,mlp_up,7,0.17073170731707318,2560,10240,26214400,0.6359338760375977,0.36328125,0.0217742919921875,16.68395234758234,2438.76904296875,2.318954554786973
model.language_model.layers.7.mlp.down_proj,mlp_down,7,0.17073170731707318,10240,2560,26214400,2.6572837829589844,0.53515625,0.01593017578125,33.593869731800766,2382.33056640625,4.634974034074448
model.language_model.layers.7.per_layer_input_gate,other,7,0.17073170731707318,2560,256,655360,2.5330944061279297,0.142578125,0.012542724609375,11.367396593673966,244.81015014648438,1.6134578094807734
model.language_model.layers.7.per_layer_projection,other,7,0.17073170731707318,256,2560,655360,24.888446807861328,0.8046875,0.0311431884765625,25.83831455169035,187.38525390625,1.8303505419895463
model.language_model.layers.8.self_attn.q_proj,attn_qkv,8,0.1951219512195122,2560,2048,5242880,0.37935853004455566,0.3046875,0.021392822265625,14.242510699001427,1626.7928466796875,3.310309149716376
model.language_model.layers.8.self_attn.k_proj,attn_qkv,8,0.1951219512195122,2560,512,1310720,0.6473186016082764,0.279296875,0.0214080810546875,13.046329294369208,475.5756530761719,3.355856287787793
model.language_model.layers.8.self_attn.v_proj,attn_qkv,8,0.1951219512195122,2560,512,1310720,0.3344388008117676,0.1884765625,0.02178955078125,8.64985994397759,496.0858459472656,1.2364033648691157
model.language_model.layers.8.self_attn.o_proj,attn_out,8,0.1951219512195122,2048,2560,5242880,2.913938522338867,0.34375,0.022064208984375,15.579529737206085,1613.3135986328125,4.25454459540122
model.language_model.layers.8.mlp.gate_proj,mlp_up,8,0.1951219512195122,2560,10240,26214400,1.5465307235717773,0.40234375,0.0210723876953125,19.09341057204924,2388.07080078125,4.486862136563032
model.language_model.layers.8.mlp.up_proj,mlp_up,8,0.1951219512195122,2560,10240,26214400,0.9368808269500732,0.369140625,0.0214691162109375,17.19402985074627,2426.075439453125,2.8087130676017136
model.language_model.layers.8.mlp.down_proj,mlp_down,8,0.1951219512195122,10240,2560,26214400,2.2142295837402344,0.384765625,0.0153961181640625,24.991080277502476,2373.19677734375,4.515728126360153
model.language_model.layers.8.per_layer_input_gate,other,8,0.1951219512195122,2560,256,655360,2.0167346000671387,0.04443359375,0.004268646240234375,10.40929401251117,245.4434356689453,1.4579515562829963
model.language_model.layers.8.per_layer_projection,other,8,0.1951219512195122,256,2560,655360,25.571142196655273,0.6875,0.0278472900390625,24.688219178082193,190.37889099121094,1.8227630435493758
model.language_model.layers.9.self_attn.q_proj,attn_qkv,9,0.21951219512195122,2560,2048,5242880,0.5579001903533936,0.26171875,0.0206756591796875,12.658302583025831,1610.916748046875,3.174706346229278
model.language_model.layers.9.self_attn.k_proj,attn_qkv,9,0.21951219512195122,2560,512,1310720,0.6145584583282471,0.20703125,0.0205078125,10.095238095238095,468.15386962890625,3.1443711515635964
model.language_model.layers.9.self_attn.v_proj,attn_qkv,9,0.21951219512195122,2560,512,1310720,0.3954353332519531,0.232421875,0.0210723876953125,11.029688631426502,495.8743896484375,1.256310613154241
model.language_model.layers.9.self_attn.o_proj,attn_out,9,0.21951219512195122,2048,2560,5242880,1.5559964179992676,0.326171875,0.021240234375,15.35632183908046,1664.6192626953125,3.1649672107054614
model.language_model.layers.9.mlp.gate_proj,mlp_up,9,0.21951219512195122,2560,10240,26214400,2.0857009887695312,0.408203125,0.0203704833984375,20.038951310861425,2390.832763671875,3.8897362123730495
model.language_model.layers.9.mlp.up_proj,mlp_up,9,0.21951219512195122,2560,10240,26214400,1.4447212219238281,0.37109375,0.02081298828125,17.82991202346041,2423.016357421875,2.5044336374187113
model.language_model.layers.9.mlp.down_proj,mlp_down,9,0.21951219512195122,10240,2560,26214400,3.4592037200927734,0.466796875,0.015838623046875,29.472061657032754,2360.890625,4.059621453106148
model.language_model.layers.9.per_layer_input_gate,other,9,0.21951219512195122,2560,256,655360,1.9090161323547363,0.10498046875,0.00812530517578125,12.92018779342723,242.75379943847656,2.340506843957327
model.language_model.layers.9.per_layer_projection,other,9,0.21951219512195122,256,2560,655360,29.612934112548828,0.75390625,0.0271759033203125,27.74171813587872,206.39356994628906,1.3833873255970301
model.language_model.layers.10.self_attn.q_proj,attn_qkv,10,0.24390243902439024,2560,2048,5242880,0.7799029350280762,0.310546875,0.0208892822265625,14.866325785244705,1570.0501708984375,3.2202229924108576
model.language_model.layers.10.self_attn.k_proj,attn_qkv,10,0.24390243902439024,2560,512,1310720,0.9556431770324707,0.296875,0.0211029052734375,14.067968185104844,464.455078125,2.6777917298359535
model.language_model.layers.10.self_attn.v_proj,attn_qkv,10,0.24390243902439024,2560,512,1310720,2.571949005126953,0.3203125,0.0207061767578125,15.469417833456154,496.807373046875,1.3074140663335023
model.language_model.layers.10.self_attn.o_proj,attn_out,10,0.24390243902439024,2048,2560,5242880,3.129520893096924,0.52734375,0.0220184326171875,23.95010395010395,1656.7591552734375,3.3785637339782433
model.language_model.layers.10.mlp.gate_proj,mlp_up,10,0.24390243902439024,2560,10240,26214400,2.0614724159240723,0.4453125,0.0205535888671875,21.665924276169264,2389.140380859375,3.6386188042853456
model.language_model.layers.10.mlp.up_proj,mlp_up,10,0.24390243902439024,2560,10240,26214400,1.9291768074035645,0.349609375,0.0207366943359375,16.859455481972038,2427.31591796875,1.8613475344365402
model.language_model.layers.10.mlp.down_proj,mlp_down,10,0.24390243902439024,10240,2560,26214400,4.12256383895874,0.4609375,0.01467132568359375,31.41757670306812,2378.7197265625,4.1883746755655435
model.language_model.layers.10.per_layer_input_gate,other,10,0.24390243902439024,2560,256,655360,2.770216464996338,0.177734375,0.01263427734375,14.067632850241546,238.9142608642578,2.3527027397257974
model.language_model.layers.10.per_layer_projection,other,10,0.24390243902439024,256,2560,655360,23.42471694946289,0.72265625,0.0335693359375,21.527272727272727,187.6451873779297,3.2303955889891838
model.language_model.layers.11.self_attn.q_proj,attn_qkv,11,0.2682926829268293,2560,4096,10485760,1.3428268432617188,0.302734375,0.0194091796875,15.59748427672956,2056.5146484375,3.5370298446091324
model.language_model.layers.11.self_attn.k_proj,attn_qkv,11,0.2682926829268293,2560,1024,2621440,3.78397798538208,0.27734375,0.0183563232421875,15.10889443059019,878.8532104492188,2.206873462927704
model.language_model.layers.11.self_attn.v_proj,attn_qkv,11,0.2682926829268293,2560,1024,2621440,1.4037117958068848,0.234375,0.019073486328125,12.288,975.1192626953125,1.8116533720241519
model.language_model.layers.11.self_attn.o_proj,attn_out,11,0.2682926829268293,4096,2560,10485760,3.044295310974121,0.5625,0.01690673828125,33.27075812274368,2138.836669921875,3.5921786239994593
model.language_model.layers.11.mlp.gate_proj,mlp_up,11,0.2682926829268293,2560,10240,26214400,1.4546504020690918,0.384765625,0.019927978515625,19.30781010719755,2355.659423828125,4.676863745348827
model.language_model.layers.11.mlp.up_proj,mlp_up,11,0.2682926829268293,2560,10240,26214400,1.1056199073791504,0.388671875,0.02008056640625,19.35562310030395,2420.26123046875,2.2283585197615605
model.language_model.layers.11.mlp.down_proj,mlp_down,11,0.2682926829268293,10240,2560,26214400,1.9583005905151367,0.49609375,0.01517486572265625,32.69180492709904,2430.723388671875,4.0005233873169725
model.language_model.layers.11.per_layer_input_gate,other,11,0.2682926829268293,2560,256,655360,2.76878023147583,0.19140625,0.01317596435546875,14.526925303995368,242.6097412109375,2.3944388335374196
model.language_model.layers.11.per_layer_projection,other,11,0.2682926829268293,256,2560,655360,11.59721851348877,0.92578125,0.038604736328125,23.98102766798419,202.7074432373047,2.5970826413775505
model.language_model.layers.12.self_attn.q_proj,attn_qkv,12,0.2926829268292683,2560,2048,5242880,0.6145048141479492,0.255859375,0.0203094482421875,12.598046581517655,1552.060546875,3.1805195840050158
model.language_model.layers.12.self_attn.k_proj,attn_qkv,12,0.2926829268292683,2560,512,1310720,1.3565082550048828,0.265625,0.01995849609375,13.308868501529052,452.6153564453125,2.63525408360334
model.language_model.layers.12.self_attn.v_proj,attn_qkv,12,0.2926829268292683,2560,512,1310720,0.8789255619049072,0.1865234375,0.0200653076171875,9.295817490494297,495.7027587890625,1.8168339918877192
model.language_model.layers.12.self_attn.o_proj,attn_out,12,0.2926829268292683,2048,2560,5242880,3.1028380393981934,0.62890625,0.0206451416015625,30.462675535846266,1644.9293212890625,2.9785786628942854
model.language_model.layers.12.mlp.gate_proj,mlp_up,12,0.2926829268292683,2560,10240,26214400,1.003300666809082,0.443359375,0.021270751953125,20.84361549497848,2365.111572265625,5.708939865987076
model.language_model.layers.12.mlp.up_proj,mlp_up,12,0.2926829268292683,2560,10240,26214400,0.7995636463165283,0.408203125,0.0216522216796875,18.852713178294575,2416.0732421875,2.3827438913746586
model.language_model.layers.12.mlp.down_proj,mlp_down,12,0.2926829268292683,10240,2560,26214400,1.3953380584716797,0.52734375,0.01543426513671875,34.16707859614434,2410.556396484375,3.501756410106003
model.language_model.layers.12.per_layer_input_gate,other,12,0.2926829268292683,2560,256,655360,3.2722249031066895,0.259765625,0.01470184326171875,17.66891541255838,243.1256561279297,2.2069898257391167
model.language_model.layers.12.per_layer_projection,other,12,0.2926829268292683,256,2560,655360,5.184438705444336,0.73046875,0.045806884765625,15.946702198534311,207.5231170654297,2.855055627282118
model.language_model.layers.13.self_attn.q_proj,attn_qkv,13,0.3170731707317073,2560,2048,5242880,0.8754558563232422,0.2294921875,0.0192413330078125,11.927042030134814,1540.1011962890625,3.330991302011416
model.language_model.layers.13.self_attn.k_proj,attn_qkv,13,0.3170731707317073,2560,512,1310720,2.203348159790039,0.25390625,0.018890380859375,13.441033925686591,443.0443420410156,2.5705262444724135
model.language_model.layers.13.self_attn.v_proj,attn_qkv,13,0.3170731707317073,2560,512,1310720,0.6741983890533447,0.36328125,0.0194549560546875,18.672941176470587,501.73779296875,1.4115759112220068
model.language_model.layers.13.self_attn.o_proj,attn_out,13,0.3170731707317073,2048,2560,5242880,2.7150111198425293,0.4375,0.021270751953125,20.568149210903872,1591.444580078125,2.7277902586288065
model.language_model.layers.13.mlp.gate_proj,mlp_up,13,0.3170731707317073,2560,10240,26214400,0.6962189674377441,0.416015625,0.0208892822265625,19.91526661796932,2378.144775390625,5.82495775340637
model.language_model.layers.13.mlp.up_proj,mlp_up,13,0.3170731707317073,2560,10240,26214400,0.668712854385376,0.416015625,0.02105712890625,19.756521739130434,2426.644775390625,2.4346826694501367
model.language_model.layers.13.mlp.down_proj,mlp_down,13,0.3170731707317073,10240,2560,26214400,0.9710087776184082,0.52734375,0.0159759521484375,33.00859598853868,2407.201416015625,3.3548045662157007
model.language_model.layers.13.per_layer_input_gate,other,13,0.3170731707317073,2560,256,655360,4.324532508850098,0.177734375,0.01313018798828125,13.536316095293435,241.1728057861328,2.1074411231306325
model.language_model.layers.13.per_layer_projection,other,13,0.3170731707317073,256,2560,655360,4.5395894050598145,0.89453125,0.045684814453125,19.580494321977287,180.3142547607422,3.207724822425086
model.language_model.layers.14.self_attn.q_proj,attn_qkv,14,0.34146341463414637,2560,2048,5242880,2.0169520378112793,0.341796875,0.01861572265625,18.360655737704917,1511.38134765625,3.9510500856568656
model.language_model.layers.14.self_attn.k_proj,attn_qkv,14,0.34146341463414637,2560,512,1310720,3.581773281097412,0.2890625,0.01788330078125,16.16382252559727,421.267578125,2.591774152302679
model.language_model.layers.14.self_attn.v_proj,attn_qkv,14,0.34146341463414637,2560,512,1310720,0.3279128074645996,0.146484375,0.0193328857421875,7.5769534333070245,483.0459899902344,1.6703985699390804
model.language_model.layers.14.self_attn.o_proj,attn_out,14,0.34146341463414637,2048,2560,5242880,7.597914695739746,0.376953125,0.0207366943359375,18.178072111846948,1545.086181640625,3.0337105497473242
model.language_model.layers.14.mlp.gate_proj,mlp_up,14,0.34146341463414637,2560,10240,26214400,0.827355146408081,0.40625,0.0199432373046875,20.370313695485844,2397.543212890625,3.4005663027555344
model.language_model.layers.14.mlp.up_proj,mlp_up,14,0.34146341463414637,2560,10240,26214400,0.8381896018981934,0.400390625,0.019989013671875,20.03053435114504,2427.239501953125,2.009541623997425
model.language_model.layers.14.mlp.down_proj,mlp_down,14,0.34146341463414637,10240,2560,26214400,1.5682144165039062,0.455078125,0.01491546630859375,30.510485933503837,2385.064208984375,3.316265749091426
model.language_model.layers.14.per_layer_input_gate,other,14,0.34146341463414637,2560,256,655360,6.140325546264648,0.1826171875,0.0116424560546875,15.685452162516382,233.81712341308594,2.1302487481916064
model.language_model.layers.14.per_layer_projection,other,14,0.34146341463414637,256,2560,655360,3.982734203338623,0.828125,0.048675537109375,17.01316614420063,194.83590698242188,3.0785114882822953
model.language_model.layers.15.self_attn.q_proj,attn_qkv,15,0.36585365853658536,2560,2048,5242880,1.8652653694152832,0.30859375,0.0181121826171875,17.037910699241785,1473.5618896484375,3.97238168095913
model.language_model.layers.15.self_attn.k_proj,attn_qkv,15,0.36585365853658536,2560,512,1310720,3.0440001487731934,0.275390625,0.0175323486328125,15.70757180156658,422.8796691894531,2.8625593710851374
model.language_model.layers.15.self_attn.v_proj,attn_qkv,15,0.36585365853658536,2560,512,1310720,0.5089056491851807,0.1884765625,0.01812744140625,10.397306397306398,472.5903015136719,1.781367970819157
model.language_model.layers.15.self_attn.o_proj,attn_out,15,0.36585365853658536,2048,2560,5242880,6.008008003234863,0.44140625,0.0190277099609375,23.198075380914194,1544.572021484375,3.4425170747555374
model.language_model.layers.15.mlp.gate_proj,mlp_up,15,0.36585365853658536,2560,10240,26214400,2.168173313140869,0.53515625,0.019317626953125,27.70300157977883,2357.969970703125,4.0882177052676445
model.language_model.layers.15.mlp.up_proj,mlp_up,15,0.36585365853658536,2560,10240,26214400,1.4645886421203613,0.5,0.01953125,25.6,2405.217529296875,2.405123265406278
model.language_model.layers.15.mlp.down_proj,mlp_down,15,0.36585365853658536,10240,2560,26214400,1.357182502746582,0.345703125,0.013580322265625,25.456179775280898,2363.338134765625,2.6707885598861747
model.language_model.layers.15.per_layer_input_gate,other,15,0.36585365853658536,2560,256,655360,2.838407039642334,0.1630859375,0.01103973388671875,14.772633033863166,237.9939422607422,3.5910396068474726
model.language_model.layers.15.per_layer_projection,other,15,0.36585365853658536,256,2560,655360,6.959559440612793,0.79296875,0.040069580078125,19.78979436405179,204.7893524169922,2.6331010311538625
model.language_model.layers.16.self_attn.q_proj,attn_qkv,16,0.3902439024390244,2560,2048,5242880,1.0256319046020508,0.2373046875,0.018341064453125,12.938435940099833,1481.8426513671875,3.048973940016014
model.language_model.layers.16.self_attn.k_proj,attn_qkv,16,0.3902439024390244,2560,512,1310720,1.607734203338623,0.2158203125,0.0176239013671875,12.245887445887446,424.70404052734375,2.28506327491556
model.language_model.layers.16.self_attn.v_proj,attn_qkv,16,0.3902439024390244,2560,512,1310720,0.6617698669433594,0.1904296875,0.017852783203125,10.666666666666666,474.83197021484375,2.150529043959649
model.language_model.layers.16.self_attn.o_proj,attn_out,16,0.3902439024390244,2048,2560,5242880,2.42202091217041,0.447265625,0.01898193359375,23.562700964630224,1625.3359375,2.8347860795676882
model.language_model.layers.16.mlp.gate_proj,mlp_up,16,0.3902439024390244,2560,10240,26214400,2.0994815826416016,0.41796875,0.0176544189453125,23.675021607605878,2352.486083984375,3.7268130884477753
model.language_model.layers.16.mlp.up_proj,mlp_up,16,0.3902439024390244,2560,10240,26214400,1.6953821182250977,0.3671875,0.0178985595703125,20.514919011082693,2406.728515625,2.0421251641748506
model.language_model.layers.16.mlp.down_proj,mlp_down,16,0.3902439024390244,10240,2560,26214400,2.031247138977051,0.380859375,0.01261138916015625,30.199637023593468,2358.64013671875,2.6109880302445885
model.language_model.layers.16.per_layer_input_gate,other,16,0.3902439024390244,2560,256,655360,9.96126937866211,0.427734375,0.01148223876953125,37.25182724252492,230.25930786132812,3.16543727053139
model.language_model.layers.16.per_layer_projection,other,16,0.3902439024390244,256,2560,655360,7.254015922546387,0.6796875,0.040557861328125,16.75846501128668,198.8931121826172,3.2094166908158117
model.language_model.layers.17.self_attn.q_proj,attn_qkv,17,0.4146341463414634,2560,4096,10485760,1.5029525756835938,0.27734375,0.0174713134765625,15.874235807860263,1947.0457763671875,3.282518287123251
model.language_model.layers.17.self_attn.k_proj,attn_qkv,17,0.4146341463414634,2560,1024,2621440,1.904503345489502,0.22265625,0.0162353515625,13.714285714285714,821.2940673828125,2.2455483487948555
model.language_model.layers.17.self_attn.v_proj,attn_qkv,17,0.4146341463414634,2560,1024,2621440,0.7001261711120605,0.2080078125,0.0171966552734375,12.095829636202307,937.848876953125,1.822142501721127
model.language_model.layers.17.self_attn.o_proj,attn_out,17,0.4146341463414634,4096,2560,10485760,2.2377514839172363,0.357421875,0.015106201171875,23.66060606060606,2041.5755615234375,3.429432441725323
model.language_model.layers.17.mlp.gate_proj,mlp_up,17,0.4146341463414634,2560,10240,26214400,2.2771568298339844,0.390625,0.0171051025390625,22.836752899197144,2325.674072265625,4.673528576582003
model.language_model.layers.17.mlp.up_proj,mlp_up,17,0.4146341463414634,2560,10240,26214400,1.7233219146728516,0.361328125,0.0175933837890625,20.537727666955767,2394.3603515625,2.413542461305608
model.language_model.layers.17.mlp.down_proj,mlp_down,17,0.4146341463414634,10240,2560,26214400,1.7277941703796387,0.322265625,0.0125274658203125,25.724725943970768,2353.296142578125,2.6204771449695143
model.language_model.layers.17.per_layer_input_gate,other,17,0.4146341463414634,2560,256,655360,7.463495254516602,0.1708984375,0.0079803466796875,21.414913957934992,234.57449340820312,2.474942585773524
model.language_model.layers.17.per_layer_projection,other,17,0.4146341463414634,256,2560,655360,8.129648208618164,0.703125,0.03564453125,19.726027397260275,176.9639892578125,2.171535348279552
model.language_model.layers.18.self_attn.q_proj,attn_qkv,18,0.43902439024390244,2560,2048,5242880,1.3932757377624512,0.263671875,0.0182342529296875,14.460251046025105,1465.510498046875,2.908527605088914
model.language_model.layers.18.self_attn.k_proj,attn_qkv,18,0.43902439024390244,2560,512,1310720,2.9942102432250977,0.26953125,0.0166778564453125,16.161024702653247,434.50286865234375,2.3884351101057804
model.language_model.layers.18.self_attn.v_proj,attn_qkv,18,0.43902439024390244,2560,512,1310720,0.3114299774169922,0.166015625,0.0178985595703125,9.27536231884058,485.6863708496094,1.847944344080928
model.language_model.layers.18.self_attn.o_proj,attn_out,18,0.43902439024390244,2048,2560,5242880,5.438051223754883,0.337890625,0.0181732177734375,18.592779177162047,1579.0899658203125,2.9155568081785206
model.language_model.layers.18.mlp.gate_proj,mlp_up,18,0.43902439024390244,2560,10240,26214400,2.502150535583496,0.419921875,0.0173187255859375,24.24669603524229,2338.145751953125,3.3835909034274287
model.language_model.layers.18.mlp.up_proj,mlp_up,18,0.43902439024390244,2560,10240,26214400,1.076707363128662,0.341796875,0.0180206298828125,18.966977138018628,2398.751953125,2.2549992462729094
model.language_model.layers.18.mlp.down_proj,mlp_down,18,0.43902439024390244,10240,2560,26214400,2.143822193145752,0.3203125,0.0113677978515625,28.177181208053693,2336.607666015625,2.7830432452752665
model.language_model.layers.18.per_layer_input_gate,other,18,0.43902439024390244,2560,256,655360,15.703926086425781,0.220703125,0.00852203369140625,25.89794091316025,222.0015106201172,1.8094385663688293
model.language_model.layers.18.per_layer_projection,other,18,0.43902439024390244,256,2560,655360,17.97248649597168,1.1796875,0.039215087890625,30.08249027237354,200.907958984375,2.7829286433905405
model.language_model.layers.19.self_attn.q_proj,attn_qkv,19,0.4634146341463415,2560,2048,5242880,1.5061593055725098,0.2490234375,0.0179595947265625,13.865760407816483,1410.3607177734375,3.1107943959246525
model.language_model.layers.19.self_attn.k_proj,attn_qkv,19,0.4634146341463415,2560,512,1310720,6.54228401184082,0.287109375,0.0160675048828125,17.86894586894587,408.90447998046875,2.0890090933202803
model.language_model.layers.19.self_attn.v_proj,attn_qkv,19,0.4634146341463415,2560,512,1310720,0.4790489673614502,0.1572265625,0.01806640625,8.702702702702704,482.5227355957031,1.5728010203798388
model.language_model.layers.19.self_attn.o_proj,attn_out,19,0.4634146341463415,2048,2560,5242880,2.8606996536254883,0.30859375,0.0192108154296875,16.063542494042892,1583.48583984375,2.7348832852109966
model.language_model.layers.19.mlp.gate_proj,mlp_up,19,0.4634146341463415,2560,10240,26214400,2.9574146270751953,0.5234375,0.01654052734375,31.645756457564577,2331.930419921875,3.53924596352595
model.language_model.layers.19.mlp.up_proj,mlp_up,19,0.4634146341463415,2560,10240,26214400,1.7397713661193848,0.33203125,0.017120361328125,19.393939393939394,2391.019775390625,2.2505786393761316
model.language_model.layers.19.mlp.down_proj,mlp_down,19,0.4634146341463415,10240,2560,26214400,1.8716578483581543,0.345703125,0.0110931396484375,31.163686382393397,2332.482177734375,2.8324917281700968
model.language_model.layers.19.per_layer_input_gate,other,19,0.4634146341463415,2560,256,655360,15.257535934448242,0.263671875,0.00860595703125,30.638297872340427,227.6786346435547,2.268770014188637
model.language_model.layers.19.per_layer_projection,other,19,0.4634146341463415,256,2560,655360,37.3386344909668,0.83984375,0.026397705078125,31.815028901734102,208.66053771972656,2.3834081190114493
model.language_model.layers.20.self_attn.q_proj,attn_qkv,20,0.4878048780487805,2560,2048,5242880,3.662290573120117,0.34765625,0.017242431640625,20.16283185840708,1403.839599609375,3.386317290286937
model.language_model.layers.20.self_attn.k_proj,attn_qkv,20,0.4878048780487805,2560,512,1310720,4.7749199867248535,0.263671875,0.01666259765625,15.824175824175825,432.38232421875,2.0129522689416683
model.language_model.layers.20.self_attn.v_proj,attn_qkv,20,0.4878048780487805,2560,512,1310720,0.7099487781524658,0.1669921875,0.0175933837890625,9.491760624457935,488.3896179199219,1.5616292463128187
model.language_model.layers.20.self_attn.o_proj,attn_out,20,0.4878048780487805,2048,2560,5242880,6.604767799377441,0.412109375,0.0183563232421875,22.450540315876975,1444.5081787109375,2.4575601498508295
model.language_model.layers.20.mlp.gate_proj,mlp_up,20,0.4878048780487805,2560,10240,26214400,4.396665096282959,0.48828125,0.0160980224609375,30.33175355450237,2310.41845703125,4.269692737855662
model.language_model.layers.20.mlp.up_proj,mlp_up,20,0.4878048780487805,2560,10240,26214400,2.288909912109375,0.318359375,0.016632080078125,19.141284403669726,2387.038330078125,2.0302029898838416
model.language_model.layers.20.mlp.down_proj,mlp_down,20,0.4878048780487805,10240,2560,26214400,3.231180191040039,0.30078125,0.0108489990234375,27.724331926863574,2341.12890625,3.018241142581309
model.language_model.layers.20.per_layer_input_gate,other,20,0.4878048780487805,2560,256,655360,7.255413055419922,0.1455078125,0.007572174072265625,19.216120906801006,233.34765625,2.482363560927172
model.language_model.layers.20.per_layer_projection,other,20,0.4878048780487805,256,2560,655360,41.82366180419922,0.78125,0.025482177734375,30.65868263473054,219.7557373046875,1.3399959333544091
model.language_model.layers.21.self_attn.q_proj,attn_qkv,21,0.5121951219512195,2560,2048,5242880,2.4292802810668945,0.28125,0.01546478271484375,18.186482486433153,1386.627197265625,3.1146995012785013
model.language_model.layers.21.self_attn.k_proj,attn_qkv,21,0.5121951219512195,2560,512,1310720,2.829009532928467,0.224609375,0.01470184326171875,15.277633627400103,425.8171081542969,2.348116268578958
model.language_model.layers.21.self_attn.v_proj,attn_qkv,21,0.5121951219512195,2560,512,1310720,3.7216620445251465,0.171875,0.01454925537109375,11.813319349764027,499.0848693847656,1.8631389736001434
model.language_model.layers.21.self_attn.o_proj,attn_out,21,0.5121951219512195,2048,2560,5242880,8.039177894592285,0.32421875,0.0159454345703125,20.333014354066986,1478.4124755859375,2.722017676576034
model.language_model.layers.21.mlp.gate_proj,mlp_up,21,0.5121951219512195,2560,10240,26214400,6.976097106933594,0.421875,0.016021728515625,26.33142857142857,2272.5205078125,3.96190338865519
model.language_model.layers.21.mlp.up_proj,mlp_up,21,0.5121951219512195,2560,10240,26214400,2.371796131134033,0.36328125,0.0167083740234375,21.742465753424657,2355.113525390625,1.8275786485427636
model.language_model.layers.21.mlp.down_proj,mlp_down,21,0.5121951219512195,10240,2560,26214400,4.945729732513428,0.390625,0.0106353759765625,36.72883787661406,2375.666015625,3.78077133137973
model.language_model.layers.21.per_layer_input_gate,other,21,0.5121951219512195,2560,256,655360,6.772540092468262,0.134765625,0.007801055908203125,17.275305623471883,231.092529296875,2.614462449505809
model.language_model.layers.21.per_layer_projection,other,21,0.5121951219512195,256,2560,655360,35.472286224365234,0.796875,0.02349853515625,33.91168831168831,235.52032470703125,1.4488417432154999
model.language_model.layers.22.self_attn.q_proj,attn_qkv,22,0.5365853658536586,2560,2048,5242880,4.686575889587402,0.28515625,0.0166778564453125,17.09789569990851,1390.091552734375,3.4104807022028343
model.language_model.layers.22.self_attn.k_proj,attn_qkv,22,0.5365853658536586,2560,512,1310720,2.480217456817627,0.2490234375,0.015533447265625,16.031434184675835,439.33648681640625,2.3117188734663796
model.language_model.layers.22.self_attn.v_proj,attn_qkv,22,0.5365853658536586,2560,512,1310720,7.189103126525879,0.2294921875,0.01446533203125,15.864978902953586,496.5579833984375,2.4323488910133797
model.language_model.layers.22.self_attn.o_proj,attn_out,22,0.5365853658536586,2048,2560,5242880,2.1893177032470703,0.3046875,0.0188446044921875,16.16842105263158,1562.946533203125,2.6086663214069477
model.language_model.layers.22.mlp.gate_proj,mlp_up,22,0.5365853658536586,2560,10240,26214400,5.804282188415527,0.392578125,0.01507568359375,26.040485829959515,2273.35400390625,4.531758650127724
model.language_model.layers.22.mlp.up_proj,mlp_up,22,0.5365853658536586,2560,10240,26214400,2.9043192863464355,0.31640625,0.01560211181640625,20.27970660146699,2369.464111328125,2.6094356882822205
model.language_model.layers.22.mlp.down_proj,mlp_down,22,0.5365853658536586,10240,2560,26214400,5.141847610473633,0.38671875,0.01038360595703125,37.24320352681852,2344.47802734375,4.645763122503783
model.language_model.layers.22.per_layer_input_gate,other,22,0.5365853658536586,2560,256,655360,20.652923583984375,0.0771484375,0.00319671630859375,24.13365155131265,170.96649169921875,3.7562274658648374
model.language_model.layers.22.per_layer_projection,other,22,0.5365853658536586,256,2560,655360,33.75593185424805,0.75390625,0.01947021484375,38.72100313479624,223.73597717285156,1.3146664233058702
model.language_model.layers.23.self_attn.q_proj,attn_qkv,23,0.5609756097560976,2560,4096,10485760,5.250970840454102,0.322265625,0.016937255859375,19.027027027027028,1640.3050537109375,3.8858656614590807
model.language_model.layers.23.self_attn.k_proj,attn_qkv,23,0.5609756097560976,2560,1024,2621440,3.8986973762512207,0.244140625,0.015625,15.625,772.8687744140625,1.6299483942169197
model.language_model.layers.23.self_attn.v_proj,attn_qkv,23,0.5609756097560976,2560,1024,2621440,5.928409576416016,0.23828125,0.0154266357421875,15.446092977250247,975.6741333007812,2.206426358658943
model.language_model.layers.23.self_attn.o_proj,attn_out,23,0.5609756097560976,4096,2560,10485760,3.028914451599121,0.326171875,0.0147247314453125,22.151295336787566,2158.8994140625,3.861943782956237
model.language_model.layers.23.mlp.gate_proj,mlp_up,23,0.5609756097560976,2560,10240,26214400,2.5431952476501465,0.337890625,0.0173797607421875,19.44161545215101,2253.608154296875,4.238071884220606
model.language_model.layers.23.mlp.up_proj,mlp_up,23,0.5609756097560976,2560,10240,26214400,1.1637043952941895,0.2890625,0.0182952880859375,15.799833194328608,2347.43115234375,2.49042677145124
model.language_model.layers.23.mlp.down_proj,mlp_down,23,0.5609756097560976,10240,2560,26214400,2.005120277404785,0.419921875,0.01125335693359375,37.31525423728814,2384.707275390625,3.745002240037652
model.language_model.layers.23.per_layer_input_gate,other,23,0.5609756097560976,2560,256,655360,7.998533248901367,0.0189208984375,0.0010747909545898438,17.604259094942325,225.1458740234375,1.830955399404649
model.language_model.layers.23.per_layer_projection,other,23,0.5609756097560976,256,2560,655360,3.0641279220581055,0.859375,0.048492431640625,17.72183763373191,180.85838317871094,3.3458813023228378
model.language_model.layers.24.self_attn.q_proj,attn_qkv,24,0.5853658536585366,2560,2048,5242880,4.007900714874268,0.34765625,0.0181732177734375,19.130142737195634,1480.5076904296875,2.293905212715277
model.language_model.layers.24.self_attn.o_proj,attn_out,24,0.5853658536585366,2048,2560,5242880,1.8188390731811523,0.369140625,0.0181884765625,20.29530201342282,1629.3260498046875,3.071778991478961
model.language_model.layers.24.mlp.gate_proj,mlp_up,24,0.5853658536585366,2560,10240,26214400,3.5184926986694336,0.330078125,0.0176239013671875,18.72900432900433,2279.49560546875,3.447904661741398
model.language_model.layers.24.mlp.up_proj,mlp_up,24,0.5853658536585366,2560,10240,26214400,1.1375727653503418,0.32421875,0.01898193359375,17.080385852090032,2359.178955078125,2.4002738805110204
model.language_model.layers.24.mlp.down_proj,mlp_down,24,0.5853658536585366,10240,2560,26214400,1.0369043350219727,0.4140625,0.01300811767578125,31.83108504398827,2422.369384765625,3.091918594495419
model.language_model.layers.24.per_layer_input_gate,other,24,0.5853658536585366,2560,256,655360,5.750766754150391,0.146484375,0.00839996337890625,17.438692098092645,225.89572143554688,2.7488921125231363
model.language_model.layers.24.per_layer_projection,other,24,0.5853658536585366,256,2560,655360,2.2171125411987305,0.72265625,0.04541015625,15.913978494623656,187.7155303955078,4.598486963725935
model.language_model.layers.25.self_attn.q_proj,attn_qkv,25,0.6097560975609756,2560,2048,5242880,4.213418483734131,0.330078125,0.0179443359375,18.39455782312925,1456.777099609375,2.6610683206688184
model.language_model.layers.25.self_attn.o_proj,attn_out,25,0.6097560975609756,2048,2560,5242880,1.6504287719726562,0.349609375,0.019744873046875,17.706336939721794,1579.3753662109375,2.3408843817859744
model.language_model.layers.25.mlp.gate_proj,mlp_up,25,0.6097560975609756,2560,10240,26214400,1.5637001991271973,0.3203125,0.01824951171875,17.551839464882942,2369.20556640625,2.8008972807909815
model.language_model.layers.25.mlp.up_proj,mlp_up,25,0.6097560975609756,2560,10240,26214400,0.32817721366882324,0.310546875,0.019317626953125,16.075829383886255,2406.395751953125,2.0484362412203763
model.language_model.layers.25.mlp.down_proj,mlp_down,25,0.6097560975609756,10240,2560,26214400,0.7565414905548096,0.486328125,0.01287841796875,37.76303317535545,2413.26953125,2.619987861747307
model.language_model.layers.25.per_layer_input_gate,other,25,0.6097560975609756,2560,256,655360,3.8303351402282715,0.21484375,0.01311492919921875,16.381617219313554,231.8429412841797,3.752572984561373
model.language_model.layers.25.per_layer_projection,other,25,0.6097560975609756,256,2560,655360,1.738508701324463,0.66796875,0.04608154296875,14.495364238410597,210.73243713378906,3.8880447653093535
model.language_model.layers.26.self_attn.q_proj,attn_qkv,26,0.6341463414634146,2560,2048,5242880,3.679175853729248,0.3515625,0.0182647705078125,19.24812030075188,1490.3289794921875,2.7085894765690286
model.language_model.layers.26.self_attn.o_proj,attn_out,26,0.6341463414634146,2048,2560,5242880,1.287428379058838,0.33203125,0.019775390625,16.790123456790123,1589.272705078125,2.424510736587352
model.language_model.layers.26.mlp.gate_proj,mlp_up,26,0.6341463414634146,2560,10240,26214400,0.993887186050415,0.322265625,0.0172119140625,18.72340425531915,2392.942626953125,3.047113031368391
model.language_model.layers.26.mlp.up_proj,mlp_up,26,0.6341463414634146,2560,10240,26214400,0.3380582332611084,0.291015625,0.01806640625,16.10810810810811,2424.801025390625,2.0921898044523712
model.language_model.layers.26.mlp.down_proj,mlp_down,26,0.6341463414634146,10240,2560,26214400,0.9387235641479492,0.36328125,0.01276397705078125,28.461446503287508,2385.250732421875,2.5568369081024884
model.language_model.layers.26.per_layer_input_gate,other,26,0.6341463414634146,2560,256,655360,4.8684611320495605,0.25390625,0.01290130615234375,19.68066232998226,224.48155212402344,3.3034068874010027
model.language_model.layers.26.per_layer_projection,other,26,0.6341463414634146,256,2560,655360,3.018118381500244,0.76171875,0.044158935546875,17.249481686247407,203.91432189941406,4.692296792182568
model.language_model.layers.27.self_attn.q_proj,attn_qkv,27,0.6585365853658537,2560,2048,5242880,4.192343711853027,0.349609375,0.016998291015625,20.567324955116696,1437.0567626953125,2.651342159010833
model.language_model.layers.27.self_attn.o_proj,attn_out,27,0.6585365853658537,2048,2560,5242880,1.2940196990966797,0.34765625,0.01934814453125,17.968454258675077,1546.57958984375,2.270109107394645
model.language_model.layers.27.mlp.gate_proj,mlp_up,27,0.6585365853658537,2560,10240,26214400,1.4034242630004883,0.337890625,0.0181732177734375,18.592779177162047,2380.47509765625,3.3714865722249288
model.language_model.layers.27.mlp.up_proj,mlp_up,27,0.6585365853658537,2560,10240,26214400,0.8072042465209961,0.353515625,0.01910400390625,18.50479233226837,2419.58740234375,2.367197667065133
model.language_model.layers.27.mlp.down_proj,mlp_down,27,0.6585365853658537,10240,2560,26214400,1.1088051795959473,0.41796875,0.012237548828125,34.15461346633416,2380.09033203125,2.5923030649202112
model.language_model.layers.27.per_layer_input_gate,other,27,0.6585365853658537,2560,256,655360,7.926994323730469,0.2001953125,0.011627197265625,17.21784776902887,218.41915893554688,3.2577412642283172
model.language_model.layers.27.per_layer_projection,other,27,0.6585365853658537,256,2560,655360,3.9718637466430664,0.67578125,0.043609619140625,15.496151154653603,205.2013702392578,3.3112831977211936
model.language_model.layers.28.self_attn.q_proj,attn_qkv,28,0.6829268292682927,2560,2048,5242880,3.5851035118103027,0.35546875,0.0178680419921875,19.894107600341588,1433.4541015625,2.642780397596624
model.language_model.layers.28.self_attn.o_proj,attn_out,28,0.6829268292682927,2048,2560,5242880,2.153169631958008,0.330078125,0.01824951171875,18.08695652173913,1578.3394775390625,2.5582401189132304
model.language_model.layers.28.mlp.gate_proj,mlp_up,28,0.6829268292682927,2560,10240,26214400,1.7767586708068848,0.333984375,0.017303466796875,19.3015873015873,2362.830078125,3.8145154266442356
model.language_model.layers.28.mlp.up_proj,mlp_up,28,0.6829268292682927,2560,10240,26214400,0.8989088535308838,0.46875,0.0181427001953125,25.836837678721615,2407.6845703125,2.5594823485449067
model.language_model.layers.28.mlp.down_proj,mlp_down,28,0.6829268292682927,10240,2560,26214400,1.420821189880371,0.408203125,0.0118408203125,34.47422680412371,2374.033203125,2.8436010302754284
model.language_model.layers.28.per_layer_input_gate,other,28,0.6829268292682927,2560,256,655360,6.772483825683594,0.189453125,0.01068878173828125,17.72448251249108,218.91265869140625,3.237413232733604
model.language_model.layers.28.per_layer_projection,other,28,0.6829268292682927,256,2560,655360,5.381145477294922,0.6484375,0.04254150390625,15.242467718794835,205.9732666015625,2.7023326820070763
model.language_model.layers.29.self_attn.q_proj,attn_qkv,29,0.7073170731707317,2560,4096,10485760,1.6906671524047852,0.26953125,0.01666259765625,16.175824175824175,1871.599609375,2.5216659574362805
model.language_model.layers.29.self_attn.o_proj,attn_out,29,0.7073170731707317,4096,2560,10485760,3.6231093406677246,0.384765625,0.01401519775390625,27.4534567229178,1954.4827880859375,3.0301907635569023
model.language_model.layers.29.mlp.gate_proj,mlp_up,29,0.7073170731707317,2560,10240,26214400,2.005237102508545,0.390625,0.0181427001953125,21.530698065601346,2331.955078125,4.781348389544128
model.language_model.layers.29.mlp.up_proj,mlp_up,29,0.7073170731707317,2560,10240,26214400,1.2605047225952148,0.3359375,0.0182952880859375,18.361968306922435,2399.62841796875,2.3290901236532773
model.language_model.layers.29.mlp.down_proj,mlp_down,29,0.7073170731707317,10240,2560,26214400,1.7024011611938477,0.33203125,0.01183319091796875,28.059316569954866,2405.42626953125,2.6979346478027986
model.language_model.layers.29.per_layer_input_gate,other,29,0.7073170731707317,2560,256,655360,3.601663589477539,0.11572265625,0.007770538330078125,14.892488954344625,222.74375915527344,2.8600759702363328
model.language_model.layers.29.per_layer_projection,other,29,0.7073170731707317,256,2560,655360,8.907384872436523,0.72265625,0.042327880859375,17.072819033886084,210.158447265625,3.5971114759179335
model.language_model.layers.30.self_attn.q_proj,attn_qkv,30,0.7317073170731707,2560,2048,5242880,4.552905559539795,0.318359375,0.01666259765625,19.106227106227106,1445.844970703125,2.519728790807638
model.language_model.layers.30.self_attn.o_proj,attn_out,30,0.7317073170731707,2048,2560,5242880,6.998869895935059,0.38671875,0.018218994140625,21.22613065326633,1555.2335205078125,3.12518526553204
model.language_model.layers.30.mlp.gate_proj,mlp_up,30,0.7317073170731707,2560,10240,26214400,2.0082550048828125,0.32421875,0.018310546875,17.706666666666667,2350.633544921875,4.464127904093309
model.language_model.layers.30.mlp.up_proj,mlp_up,30,0.7317073170731707,2560,10240,26214400,0.88193678855896,0.296875,0.018646240234375,15.921440261865794,2393.9755859375,2.389315385124611
model.language_model.layers.30.mlp.down_proj,mlp_down,30,0.7317073170731707,10240,2560,26214400,1.6443452835083008,0.66796875,0.01335906982421875,50.001142204454595,2437.846923828125,2.92671360651288
model.language_model.layers.30.per_layer_input_gate,other,30,0.7317073170731707,2560,256,655360,9.316208839416504,0.2578125,0.01300048828125,19.830985915492956,226.14231872558594,4.143080371426792
model.language_model.layers.30.per_layer_projection,other,30,0.7317073170731707,256,2560,655360,18.090282440185547,0.67578125,0.0282135009765625,23.952406706327746,203.97042846679688,1.8956238400110001
model.language_model.layers.31.self_attn.q_proj,attn_qkv,31,0.7560975609756098,2560,2048,5242880,3.6165452003479004,0.341796875,0.0183563232421875,18.62011637572735,1496.1278076171875,3.1206562540724634
model.language_model.layers.31.self_attn.o_proj,attn_out,31,0.7560975609756098,2048,2560,5242880,4.433635711669922,0.404296875,0.0189056396484375,21.38498789346247,1635.536865234375,3.8610170543285536
model.language_model.layers.31.mlp.gate_proj,mlp_up,31,0.7560975609756098,2560,10240,26214400,1.376701831817627,0.34375,0.0181732177734375,18.9151973131822,2386.118896484375,4.149559810610213
model.language_model.layers.31.mlp.up_proj,mlp_up,31,0.7560975609756098,2560,10240,26214400,0.39020442962646484,0.275390625,0.0186004638671875,14.80557834290402,2410.93359375,2.1993121929064685
model.language_model.layers.31.mlp.down_proj,mlp_down,31,0.7560975609756098,10240,2560,26214400,0.8772187232971191,0.435546875,0.01346588134765625,32.34447592067988,2432.768798828125,2.253410043092136
model.language_model.layers.31.per_layer_input_gate,other,31,0.7560975609756098,2560,256,655360,3.112563133239746,0.2314453125,0.01529693603515625,15.130174563591023,232.589599609375,3.7057866889796225
model.language_model.layers.31.per_layer_projection,other,31,0.7560975609756098,256,2560,655360,8.321768760681152,0.6875,0.03973388671875,17.302611367127497,212.93565368652344,2.1237779372096033
model.language_model.layers.32.self_attn.q_proj,attn_qkv,32,0.7804878048780488,2560,2048,5242880,4.2779951095581055,0.3359375,0.0177764892578125,18.897854077253218,1469.8089599609375,3.059825215808745
model.language_model.layers.32.self_attn.o_proj,attn_out,32,0.7804878048780488,2048,2560,5242880,1.3629779815673828,0.38671875,0.019683837890625,19.64651162790698,1584.3695068359375,2.6480614521504693
model.language_model.layers.32.mlp.gate_proj,mlp_up,32,0.7804878048780488,2560,10240,26214400,0.9376225471496582,0.390625,0.0196380615234375,19.89121989121989,2390.028076171875,5.027203267886568
model.language_model.layers.32.mlp.up_proj,mlp_up,32,0.7804878048780488,2560,10240,26214400,0.29034423828125,0.357421875,0.0198822021484375,17.97697620874904,2419.3818359375,2.330885723457546
model.language_model.layers.32.mlp.down_proj,mlp_down,32,0.7804878048780488,10240,2560,26214400,0.6336734294891357,0.388671875,0.0134735107421875,28.847112117780295,2420.67333984375,2.0856355028648146
model.language_model.layers.32.per_layer_input_gate,other,32,0.7804878048780488,2560,256,655360,6.012392997741699,0.30859375,0.015838623046875,19.483622350674374,234.93740844726562,4.027517263731139
model.language_model.layers.32.per_layer_projection,other,32,0.7804878048780488,256,2560,655360,6.17930793762207,0.69140625,0.0428466796875,16.136752136752136,207.90870666503906,1.8576477729846113
model.language_model.layers.33.self_attn.q_proj,attn_qkv,33,0.8048780487804879,2560,2048,5242880,3.4896364212036133,0.314453125,0.0176544189453125,17.811581676750215,1518.837158203125,3.976470984115973
model.language_model.layers.33.self_attn.o_proj,attn_out,33,0.8048780487804879,2048,2560,5242880,5.750617027282715,0.435546875,0.0183868408203125,23.687966804979254,1602.419677734375,3.6926992568422947
model.language_model.layers.33.mlp.gate_proj,mlp_up,33,0.8048780487804879,2560,10240,26214400,0.9356679916381836,0.36328125,0.018890380859375,19.231017770597738,2394.956298828125,4.820599304888046
model.language_model.layers.33.mlp.up_proj,mlp_up,33,0.8048780487804879,2560,10240,26214400,0.2825584411621094,0.26953125,0.0191650390625,14.063694267515924,2422.839599609375,2.2377526438827418
model.language_model.layers.33.mlp.down_proj,mlp_down,33,0.8048780487804879,10240,2560,26214400,0.8321609497070312,0.421875,0.01430511474609375,29.4912,2415.098876953125,2.2255857817829536
model.language_model.layers.33.per_layer_input_gate,other,33,0.8048780487804879,2560,256,655360,2.3236002922058105,0.2421875,0.01555633544921875,15.568415890142226,238.75527954101562,3.40765966055677
model.language_model.layers.33.per_layer_projection,other,33,0.8048780487804879,256,2560,655360,4.94163179397583,0.6875,0.043212890625,15.909604519774012,205.9690399169922,1.717078222623726
model.language_model.layers.34.self_attn.q_proj,attn_qkv,34,0.8292682926829268,2560,2048,5242880,3.3199410438537598,0.326171875,0.017486572265625,18.652705061082024,1497.3668212890625,3.50987949401682
model.language_model.layers.34.self_attn.o_proj,attn_out,34,0.8292682926829268,2048,2560,5242880,4.110996723175049,0.46875,0.019500732421875,24.037558685446008,1615.568359375,3.546283090049506
model.language_model.layers.34.mlp.gate_proj,mlp_up,34,0.8292682926829268,2560,10240,26214400,0.9548590183258057,0.3828125,0.019622802734375,19.50855365474339,2397.3193359375,4.800167750211633
model.language_model.layers.34.mlp.up_proj,mlp_up,34,0.8292682926829268,2560,10240,26214400,0.3088688850402832,0.298828125,0.01983642578125,15.064615384615385,2427.30322265625,2.2252863237569893
model.language_model.layers.34.mlp.down_proj,mlp_down,34,0.8292682926829268,10240,2560,26214400,0.7687568664550781,0.30859375,0.01406097412109375,21.946825827455235,2414.72119140625,2.3530926262269927
model.language_model.layers.34.per_layer_input_gate,other,34,0.8292682926829268,2560,256,655360,2.386852741241455,0.353515625,0.0160675048828125,22.001899335232668,240.61294555664062,3.416021774085187
model.language_model.layers.34.per_layer_projection,other,34,0.8292682926829268,256,2560,655360,4.96136474609375,0.69140625,0.043670654296875,15.832285115303984,205.3114776611328,1.7509950699727874
model.language_model.layers.35.self_attn.q_proj,attn_qkv,35,0.8536585365853658,2560,4096,10485760,1.8740653991699219,0.33984375,0.016876220703125,20.137432188065098,1887.3341064453125,3.1422180860699727
model.language_model.layers.35.self_attn.o_proj,attn_out,35,0.8536585365853658,4096,2560,10485760,1.5572428703308105,0.302734375,0.01551055908203125,19.517953762911954,2111.530029296875,3.801994722166116
model.language_model.layers.35.mlp.gate_proj,mlp_up,35,0.8536585365853658,2560,10240,26214400,1.146897792816162,0.65625,0.019561767578125,33.54758190327613,2392.302734375,3.4588646214150893
model.language_model.layers.35.mlp.up_proj,mlp_up,35,0.8536585365853658,2560,10240,26214400,0.3133833408355713,0.3046875,0.02001953125,15.21951219512195,2419.866455078125,2.2440146302433406
model.language_model.layers.35.mlp.down_proj,mlp_down,35,0.8536585365853658,10240,2560,26214400,0.9559431076049805,0.478515625,0.0136566162109375,35.039106145251395,2416.296875,2.6276196657253883
model.language_model.layers.35.per_layer_input_gate,other,35,0.8536585365853658,2560,256,655360,3.958332061767578,0.314453125,0.01593017578125,19.739463601532567,235.7892303466797,3.7013110016920714
model.language_model.layers.35.per_layer_projection,other,35,0.8536585365853658,256,2560,655360,4.941629886627197,0.609375,0.039520263671875,15.41930501930502,213.26559448242188,1.5339839242116775
model.language_model.layers.36.self_attn.q_proj,attn_qkv,36,0.8780487804878049,2560,2048,5242880,3.239823341369629,0.298828125,0.0169525146484375,17.62736273627363,1560.0263671875,4.188366012877824
model.language_model.layers.36.self_attn.o_proj,attn_out,36,0.8780487804878049,2048,2560,5242880,3.7772722244262695,0.71875,0.0205535888671875,34.96956198960653,1636.6829833984375,4.609220956372096
model.language_model.layers.36.mlp.gate_proj,mlp_up,36,0.8780487804878049,2560,10240,26214400,1.0352153778076172,0.435546875,0.019805908203125,21.99075500770416,2406.114501953125,3.052281797568619
model.language_model.layers.36.mlp.up_proj,mlp_up,36,0.8780487804878049,2560,10240,26214400,0.1826915740966797,0.314453125,0.0204315185546875,15.39058999253174,2429.1650390625,1.631801192209532
model.language_model.layers.36.mlp.down_proj,mlp_down,36,0.8780487804878049,10240,2560,26214400,0.6918869018554688,0.3984375,0.01384735107421875,28.773553719008266,2414.57373046875,2.4133508477270156
model.language_model.layers.36.per_layer_input_gate,other,36,0.8780487804878049,2560,256,655360,4.462656497955322,0.412109375,0.0166168212890625,24.800734618916437,235.3219757080078,3.2602611717985774
model.language_model.layers.36.per_layer_projection,other,36,0.8780487804878049,256,2560,655360,11.584502220153809,0.765625,0.0298004150390625,25.691756272401435,214.5853729248047,1.3444880317419956
model.language_model.layers.37.self_attn.q_proj,attn_qkv,37,0.9024390243902439,2560,2048,5242880,2.9586892127990723,0.3046875,0.016510009765625,18.454713493530498,1553.1043701171875,3.4933917525877
model.language_model.layers.37.self_attn.o_proj,attn_out,37,0.9024390243902439,2048,2560,5242880,4.396336555480957,0.43359375,0.0197296142578125,21.976798143851507,1629.8046875,4.53764117120916
model.language_model.layers.37.mlp.gate_proj,mlp_up,37,0.9024390243902439,2560,10240,26214400,0.7740795612335205,0.30859375,0.0187225341796875,16.482477587612063,2415.638916015625,2.4627427751651143
model.language_model.layers.37.mlp.up_proj,mlp_up,37,0.9024390243902439,2560,10240,26214400,0.14023876190185547,0.314453125,0.0193328857421875,16.265193370165747,2432.456787109375,1.4748738844970382
model.language_model.layers.37.mlp.down_proj,mlp_down,37,0.9024390243902439,10240,2560,26214400,0.4613680839538574,0.353515625,0.014434814453125,24.49048625792812,2409.958984375,2.334322621141216
model.language_model.layers.37.per_layer_input_gate,other,37,0.9024390243902439,2560,256,655360,2.2975258827209473,0.31640625,0.0172119140625,18.382978723404257,232.5104217529297,3.326312794807641
model.language_model.layers.37.per_layer_projection,other,37,0.9024390243902439,256,2560,655360,12.372397422790527,0.7109375,0.030548095703125,23.272727272727273,214.42172241210938,1.5647586781232454
model.language_model.layers.38.self_attn.q_proj,attn_qkv,38,0.926829268292683,2560,2048,5242880,2.7383127212524414,0.318359375,0.0164794921875,19.31851851851852,1540.80712890625,3.2740221165439407
model.language_model.layers.38.self_attn.o_proj,attn_out,38,0.926829268292683,2048,2560,5242880,5.006230354309082,0.30859375,0.0188140869140625,16.40227088402271,1577.25,4.091517020655695
model.language_model.layers.38.mlp.gate_proj,mlp_up,38,0.926829268292683,2560,10240,26214400,0.880591630935669,0.33984375,0.0182647705078125,18.606516290726816,2415.735595703125,2.503467472415298
model.language_model.layers.38.mlp.up_proj,mlp_up,38,0.926829268292683,2560,10240,26214400,0.14918303489685059,0.314453125,0.018951416015625,16.59259259259259,2434.730224609375,1.4393462389184166
model.language_model.layers.38.mlp.down_proj,mlp_down,38,0.926829268292683,10240,2560,26214400,0.6076619625091553,0.40625,0.01464080810546875,27.747785304846275,2407.38720703125,2.2357506885218137
model.language_model.layers.38.per_layer_input_gate,other,38,0.926829268292683,2560,256,655360,2.8108644485473633,0.296875,0.0172271728515625,17.232949512843224,228.2821807861328,3.704381560293254
model.language_model.layers.38.per_layer_projection,other,38,0.926829268292683,256,2560,655360,17.599763870239258,0.640625,0.02398681640625,26.70737913486005,215.23507690429688,1.3122630495787515
model.language_model.layers.39.self_attn.q_proj,attn_qkv,39,0.9512195121951219,2560,2048,5242880,3.4230899810791016,0.296875,0.016265869140625,18.25140712945591,1535.0394287109375,3.233487949027599
model.language_model.layers.39.self_attn.o_proj,attn_out,39,0.9512195121951219,2048,2560,5242880,4.76232385635376,0.375,0.0199432373046875,18.80336648814078,1597.3343505859375,4.455617023836917
model.language_model.layers.39.mlp.gate_proj,mlp_up,39,0.9512195121951219,2560,10240,26214400,1.1460671424865723,0.3828125,0.019317626953125,19.816745655608216,2409.515380859375,2.573608000644122
model.language_model.layers.39.mlp.up_proj,mlp_up,39,0.9512195121951219,2560,10240,26214400,0.16502642631530762,0.29296875,0.0201873779296875,14.512471655328799,2433.52294921875,1.5255712411769962
model.language_model.layers.39.mlp.down_proj,mlp_down,39,0.9512195121951219,10240,2560,26214400,0.7869770526885986,0.416015625,0.0144500732421875,28.78986272439282,2400.28857421875,2.3043245111343853
model.language_model.layers.39.per_layer_input_gate,other,39,0.9512195121951219,2560,256,655360,2.606660842895508,0.265625,0.0164794921875,16.118518518518517,227.63531494140625,3.8803407128286858
model.language_model.layers.39.per_layer_projection,other,39,0.9512195121951219,256,2560,655360,13.123212814331055,0.8828125,0.030792236328125,28.669970267591676,219.695068359375,1.1417874867278996
model.language_model.layers.40.self_attn.q_proj,attn_qkv,40,0.975609756097561,2560,2048,5242880,4.075963973999023,0.458984375,0.017059326171875,26.905187835420392,1528.9527587890625,3.6358004880067103
model.language_model.layers.40.self_attn.o_proj,attn_out,40,0.975609756097561,2048,2560,5242880,2.55232572555542,0.38671875,0.0194244384765625,19.908876669285153,1543.7340087890625,3.763982589923958
model.language_model.layers.40.mlp.gate_proj,mlp_up,40,0.975609756097561,2560,10240,26214400,1.7711334228515625,0.435546875,0.017852783203125,24.396581196581195,2389.580078125,2.8078542972628457
model.language_model.layers.40.mlp.up_proj,mlp_up,40,0.975609756097561,2560,10240,26214400,0.37240028381347656,0.2734375,0.0188446044921875,14.510121457489879,2426.87158203125,1.7103340960435809
model.language_model.layers.40.mlp.down_proj,mlp_down,40,0.975609756097561,10240,2560,26214400,0.7132470607757568,0.59375,0.01446533203125,41.04641350210971,2404.87109375,2.3089673088766736
model.language_model.layers.40.per_layer_input_gate,other,40,0.975609756097561,2560,256,655360,2.5785775184631348,0.23828125,0.015960693359375,14.929254302103251,224.66168212890625,5.0865852508189295
model.language_model.layers.40.per_layer_projection,other,40,0.975609756097561,256,2560,655360,16.169614791870117,0.7265625,0.0268402099609375,27.0699260943718,226.5555877685547,1.1938262664775694
model.language_model.layers.41.self_attn.q_proj,attn_qkv,41,1.0,2560,4096,10485760,2.6722054481506348,0.28125,0.01593017578125,17.655172413793103,1779.3629150390625,2.54875988711793
model.language_model.layers.41.self_attn.o_proj,attn_out,41,1.0,4096,2560,10485760,1.6942925453186035,0.205078125,0.01438140869140625,14.259946949602123,1957.6671142578125,2.738091300855861
model.language_model.layers.41.mlp.gate_proj,mlp_up,41,1.0,2560,10240,26214400,2.08597993850708,0.4140625,0.017730712890625,23.352839931153184,2383.856689453125,3.1817730572284995
model.language_model.layers.41.mlp.up_proj,mlp_up,41,1.0,2560,10240,26214400,1.3643255233764648,0.27734375,0.0182952880859375,15.15929941618015,2404.7724609375,2.3572718208520844
model.language_model.layers.41.mlp.down_proj,mlp_down,41,1.0,10240,2560,26214400,1.6582317352294922,0.419921875,0.01181793212890625,35.53260167850226,2414.3779296875,2.9890142210034094
model.language_model.layers.41.per_layer_input_gate,other,41,1.0,2560,256,655360,7.461302757263184,0.1142578125,0.007106781005859375,16.07729468599034,196.08761596679688,5.088545852242978
model.language_model.layers.41.per_layer_projection,other,41,1.0,256,2560,655360,10.180281639099121,0.70703125,0.040740966796875,17.35430711610487,239.73785400390625,3.5804820017695826
model.language_model.per_layer_model_projection,other,,0.0,2560,10752,27525120,0.8097045421600342,0.37890625,0.019439697265625,19.491365777080063,2373.344970703125,6.222484594925475
model.embed_vision.embedding_projection,other,,0.0,768,2560,1966080,2.1451263427734375,0.5625,0.031951904296875,17.60458452722063,701.9998168945312,1.9699102278036553
model.embed_audio.embedding_projection,other,,0.0,1536,2560,3932160,0.613523006439209,0.212890625,0.023773193359375,8.955070603337612,814.1484375,2.337061027154745
